seq_name,seq,formula,递推阶数
A044102,"0,36,72,108,144,180,216,252,288,324,360,396,432,468,504,540,576,612,648,684,720,756,792,828,864,900,936,972,1008,1044,1080,1116,1152,1188,1224,1260,1296,1332,1368,1404,1440,1476,1512,1548,1584,1620,1656,1692",a(n) = 2*a(n-1) - a(n-2),2
A088475,"10,11,12,13,14,15,16,17,18,19,20,21,22,23,24,25,26,27,28,29,30,31,32,33,34,35,36,37,38,39,40,41,42,43,44,45,46,47,48,49,50,51,52,53,54,55,56,57,58,59,60,61,62,63,64,65,66,67,68,69,70,71,72,73,74,75",a(n) = 2*a(n-1) - a(n-2),2
A004769,"11,19,27,35,43,51,59,67,75,83,91,99,107,115,123,131,139,147,155,163,171,179,187,195,203,211,219,227,235,243,251,259,267,275,283,291,299,307,315,323,331,339,347,355,363,371,379,387,395,403,411,419,427,435,443,451,459,467,475,483,491",a(n) = 2*a(n-1) - a(n-2),2
A031193,"3,6,9,12,15,18,21,24,27,30,33,36,39,42,45,48,51,54,57,60,63,66,69,72,75,78,81,84,87,90,93,96,99,102,105,108,111,114,117,120,123,126,129,132,135,138,141,144,147,150,153,156,159,162,165,168,171,174",a(n) = 2*a(n-1) - a(n-2),2
A044179,"41,90,139,188,237,286,335,384,433,482,531,580,629,678,727,776,825,874,923,972,1021,1070,1119,1168,1217,1266,1315,1364,1413,1462,1511,1560,1609,1658,1707,1756,1805,1854,1903,1952,2001",a(n) = 2*a(n-1) - a(n-2),2
A044567,"48,97,146,195,244,293,342,391,440,489,538,587,636,685,734,783,832,881,930,979,1028,1077,1126,1175,1224,1273,1322,1371,1420,1469,1518,1567,1616,1665,1714,1763,1812,1861,1910,1959,2008,2057,2106,2155,2204,2253,2302",a(n) = 2*a(n-1) - a(n-2),2
A044138,"49,98,147,196,245,294,343,392,441,490,539,588,637,686,735,784,833,882,931,980,1029,1078,1127,1176,1225,1274,1323,1372,1421,1470,1519,1568,1617,1666,1715,1764,1813,1862,1911,1960,2009,2058,2107,2156,2205,2254,2303",a(n) = 2*a(n-1) - a(n-2),2
A070875,"5,7,10,14,20,28,40,56,80,112,160,224,320,448,640,896,1280,1792,2560,3584,5120,7168,10240,14336,20480,28672,40960,57344,81920,114688,163840,229376,327680,458752,655360,917504,1310720,1835008,2621440",a(n) =  2*a(n-2),2
A070876,"9,15,18,30,36,60,72,120,144,240,288,480,576,960,1152,1920,2304,3840,4608,7680,9216,15360,18432,30720,36864,61440,73728,122880,147456,245760,294912,491520,589824,983040,1179648,1966080,2359296,3932160",a(n) =  2*a(n-2),2
A077750,"0,2,6,4,0,2,6,4,0,2,6,4,0,2,6,4,0,2,6,4,0,2,6,4,0,2,6,4,0,2,6,4,0,2,6,4,0,2,6,4,0,2,6,4,0,2,6,4,0,2,6,4,0,2,6,4,0,2,6,4,0,2,6,4,0,2,6,4,0,2,6,4,0,2,6,4,0,2,6,4,0,2,6,4,0,2,6,4,0,2,6,4,0,2,6,4,0,2,6,4,0,2,6,4,0",a(n) = a(n-1) - a(n-2) + a(n-3),3
A073636,"1,8,9,1,8,9,1,8,9,1,8,9,1,8,9,1,8,9,1,8,9,1,8,9,1,8,9,1,8,9,1,8,9,1,8,9,1,8,9,1,8,9,1,8,9,1,8,9,1,8,9,1,8,9,1,8,9,1,8,9,1,8,9,1,8,9,1,8,9,1,8,9,1,8,9,1,8,9,1,8,9,1,8,9,1,8,9",a(n) =  a(n-3),3
A067844,"14,16,34,36,54,56,74,76,94,96,114,116,134,136,154,156,174,176,194,196,214,216,234,236,254,256,274,276,294,296,314,316,334,336,354,356,374,376,394,396,414,416,434,436,454,456,474,476,494,496,514,516,534,536",a(n) = a(n-1) + a(n-2) - a(n-3),3
A034111,"21,31,43,57,73,91,111,133,157,183,211,241,273,307,343,381,421,463,507,553,601,651,703,757,813,871,931,993,1057,1123,1191,1261,1333,1407,1483,1561,1641,1723,1807,1893,1981,2071,2163,2257,2353,2451,2551,2653",a(n) = 3*a(n-1)-3*a(n-2) + a(n-3),3
A063149,"25,35,55,65,85,95,115,125,145,155,175,185,205,215,235,245,265,275,295,305,325,335,355,365,385,395,415,425,445,455,475,485,505,515,535,545,565,575,595,605,625,635,655,665,685,695,715,725,745,755,775,785,805",a(n) = a(n-1) + a(n-2) - a(n-3),3
A034106,"26,37,50,65,82,101,122,145,170,197,226,257,290,325,362,401,442,485,530,577,626,677,730,785,842,901,962,1025,1090,1157,1226,1297,1370,1445,1522,1601,1682,1765,1850,1937,2026,2117,2210,2305,2402,2501,2602",a(n) = 3*a(n-1)-3*a(n-2) + a(n-3),3
A091722,"4,36,55,23,4,36,55,23,4,36,55,23,4,36,55,23,4,36,55,23,4,36,55,23,4,36,55,23,4,36,55,23,4,36,55,23,4,36,55,23,4,36,55,23,4,36,55,23,4,36,55,23,4,36,55,23,4,36,55,23,4,36,55,23,4,36,55,23,4,36,55,23,4,36,55",a(n) = a(n-1) - a(n-2) + a(n-3),3
A072703,"5,10,20,25,35,40,50,55,65,70,80,85,95,100,110,115,125,130,140,145,155,160,170,175,185,190,200,205,215,220,230,235,245,250,260,265,275,280,290,295,305,310,320,325,335,340,350,355,365,370,380",a(n) = a(n-1) + a(n-2) - a(n-3),3
A067870,"7,13,27,33,47,53,67,73,87,93,107,113,127,133,147,153,167,173,187,193,207,213,227,233,247,253,267,273,287,293,307,313,327,333,347,353,367,373,387,393,407,413,427,433,447,453,467,473,487,493,507,513,527,533",a(n) = a(n-1) + a(n-2) - a(n-3),3
A091720,"8,34,17,8,34,17,8,34,17,8,34,17,8,34,17,8,34,17,8,34,17,8,34,17,8,34,17,8,34,17,8,34,17,8,34,17,8,34,17,8,34,17,8,34,17,8,34,17,8,34,17,8,34,17,8,34,17,8,34,17,8,34,17,8,34,17,8,34,17,8,34,17,8,34,17,8,34,17",a(n) =  a(n-3),3
A030439,"0,1,2,3,8,9,26,27,80,81,242,243,728,729,2186,2187,6560,6561,19682,19683,59048,59049,177146,177147,531440,531441,1594322,1594323,4782968,4782969,14348906,14348907,43046720,43046721,129140162,129140163,387420488,387420489",a(n) =  4*a(n-2)-3*a(n-4),4
A048328,"0,1,2,4,8,13,26,40,80,121,242,364,728,1093,2186,3280,6560,9841,19682,29524,59048,88573,177146,265720,531440,797161,1594322,2391484,4782968,7174453,14348906,21523360,43046720,64570081,129140162,193710244,387420488,581130733",a(n) =  4*a(n-2)-3*a(n-4),4
A004482,"1,2,0,4,5,3,7,8,6,10,11,9,13,14,12,16,17,15,19,20,18,22,23,21,25,26,24,28,29,27,31,32,30,34,35,33,37,38,36,40,41,39,43,44,42,46,47,45,49,50,48,52,53,51,55,56,54,58,59,57,61,62",a(n) = a(n-1) + a(n-3) - a(n-4),4
A028837,"1,4,9,10,13,18,19,22,27,28,31,36,37,40,45,46,49,54,55,58,63,64,67,72,73,76,81,82,85,90,91,94,99,100,103,108,109,112,117,118,121,126,127,130,135,136,139,144,145,148,153,154,157,162,163,166,171,172,175,180",a(n) = a(n-1) + a(n-3) - a(n-4),4
A034126,"9,28,65,126,217,344,513,730,1001,1332,1729,2198,2745,3376,4097,4914,5833,6860,8001,9262,10649,12168,13825,15626,17577,19684,21953,24390,27001,29792,32769,35938,39305,42876,46657,50654,54873,59320,64001",a(n) = 4*a(n-1)-6*a(n-2) + 4*a(n-3) - a(n-4),4
A037078,"0,1,2,3,7,11,21,34,65,102,196,308,588,925,1766,2775,5299,8327,15897,24982,47693,74946,143080,224840,429240,674521,1287722,2023563,3863167,6070691,11589501,18212074,34768505,54636222,104305516,163908668",a(n) =  3*a(n-2) + a(n-3)-3*a(n-5),5
A008852,"0,1,25,76,100,101,125,176,200,201,225,276,300,301,325,376,400,401,425,476,500,501,525,576,600,601,625,676,700,701,725,776,800,801,825,876,900,901,925,976,1000,1001,1025,1076,1100,1101,1125,1176,1200,1201",a(n) = a(n-1) + a(n-4) - a(n-5),5
A055264,"0,1,3,6,9,10,12,15,18,19,21,24,27,28,30,33,36,37,39,42,45,46,48,51,54,55,57,60,63,64,66,69,72,73,75,78,81,82,84,87,90,91,93,96,99,100,102,105,108,109,111,114,117,118,120,123,126,127,129,132,135,136,138,141",a(n) = a(n-1) + a(n-4) - a(n-5),5
A008853,"0,1,376,625,1000,1001,1376,1625,2000,2001,2376,2625,3000,3001,3376,3625,4000,4001,4376,4625,5000,5001,5376,5625,6000,6001,6376,6625,7000,7001,7376,7625,8000,8001,8376,8625,9000,9001,9376,9625,10000",a(n) = a(n-1) + a(n-4) - a(n-5),5
A028836,"1,2,4,8,10,11,13,17,19,20,22,26,28,29,31,35,37,38,40,44,46,47,49,53,55,56,58,62,64,65,67,71,73,74,76,80,82,83,85,89,91,92,94,98,100,101,103,107,109,110,112,116,118,119,121,125,127,128,130,134,136,137,139,143,145,146,148,152,154,155",a(n) = a(n-1) + a(n-4) - a(n-5),5
A007612,"1,2,4,8,16,23,28,29,31,35,43,50,55,56,58,62,70,77,82,83,85,89,97,104,109,110,112,116,124,131,136,137,139,143,151,158,163,164,166,170,178,185,190,191,193,197,205,212,217,218,220,224,232,239,244,245,247,251",a(n) = 2*a(n-1) - a(n-2) - a(n-3) + 2*a(n-4) - a(n-5),5
A085820,"1,3,7,9,11,13,17,19,21,23,27,29,31,33,37,39,41,43,47,49,51,53,57,59,61,63,67,69,71,73,77,79,81,83,87,89,91,93,97,99",a(n) = a(n-1) + a(n-4) - a(n-5),5
A045797,"1,3,7,9,21,23,27,29,41,43,47,49,61,63,67,69,81,83,87,89,101,103,107,109,121,123,127,129,141,143,147,149,161,163,167,169,181,183,187,189,201,203,207,209,221,223,227,229,241,243,247,249,261,263,267,269,281",a(n) = a(n-1) + a(n-4) - a(n-5),5
A056991,"1,4,7,9,10,13,16,18,19,22,25,27,28,31,34,36,37,40,43,45,46,49,52,54,55,58,61,63,64,67,70,72,73,76,79,81,82,85,88,90,91,94,97,99,100,103,106,108,109,112,115,117,118,121,124,126,127,130,133,135,136,139,142",a(n) = a(n-1) + a(n-4) - a(n-5),5
A061099,"1,64,100,289,361,676,784,1225,1369,1936,2116,2809,3025,3844,4096,5041,5329,6400,6724,7921,8281,9604,10000,11449,11881,13456,13924,15625,16129,17956,18496,20449,21025,23104,23716,25921,26569,28900,29584",a(n) = a(n-1) + 2*a(n-2)-2*a(n-3) - a(n-4) + a(n-5),5
A045800,"1,7,43,49,101,107,143,149,201,207,243,249,301,307,343,349,401,407,443,449,501,507,543,549,601,607,643,649,701,707,743,749,801,807,843,849,901,907,943,949,1001,1007,1043,1049,1101,1107,1143,1149,1201,1207",a(n) = a(n-1) + a(n-4) - a(n-5),5
A045798,"11,13,17,19,31,33,37,39,51,53,57,59,71,73,77,79,91,93,97,99,111,113,117,119,131,133,137,139,151,153,157,159,171,173,177,179,191,193,197,199,211,213,217,219,231,233,237,239,251,253,257,259",a(n) = a(n-1) + a(n-4) - a(n-5),5
A045801,"11,39,73,77,111,139,173,177,211,239,273,277,311,339,373,377,411,439,473,477,511,539,573,577,611,639,673,677,711,739,773,777,811,839,873,877,911,939,973,977,1011,1039,1073,1077,1111,1139,1173,1177,1211,1239",a(n) = a(n-1) + a(n-4) - a(n-5),5
A045809,"13,37,59,91,113,137,159,191,213,237,259,291,313,337,359,391,413,437,459,491,513,537,559,591,613,637,659,691,713,737,759,791,813,837,859,891,913,937,959,991,1013,1037,1059,1091,1113,1137,1159,1191,1213,1237",a(n) = a(n-1) + a(n-4) - a(n-5),5
A061101,"16,25,169,196,484,529,961,1024,1600,1681,2401,2500,3364,3481,4489,4624,5776,5929,7225,7396,8836,9025,10609,10816,12544,12769,14641,14884,16900,17161,19321,19600,21904,22201,24649,24964,27556,27889,30625",a(n) = a(n-1) + 2*a(n-2)-2*a(n-3) - a(n-4) + a(n-5),5
A045803,"17,19,31,33,117,119,131,133,217,219,231,233,317,319,331,333,417,419,431,433,517,519,531,533,617,619,631,633,717,719,731,733,817,819,831,833,917,919,931,933,1017,1019,1031,1033,1117,1119,1131,1133,1217,1219",a(n) = a(n-1) + a(n-4) - a(n-5),5
A028835,"2,3,5,7,11,12,14,16,20,21,23,25,29,30,32,34,38,39,41,43,47,48,50,52,56,57,59,61,65,66,68,70,74,75,77,79,83,84,86,88,92,93,95,97,101,102,104,106,110,111,113,115,119,120,122,124,128,129,131,133,137,138,140,142,146,147,149,151,155,156",a(n) = a(n-1) + a(n-4) - a(n-5),5
A056527,"2,4,5,7,11,13,14,16,20,22,23,25,29,31,32,34,38,40,41,43,47,49,50,52,56,58,59,61,65,67,68,70,74,76,77,79,83,85,86,88,92,94,95,97,101,103,104,106,110,112,113,115,119,121,122,124,128,130,131,133,137,139,140",a(n) = a(n-1) + a(n-4) - a(n-5),5
A072708,"21,39,42,48,81,99,102,108,141,159,162,168,201,219,222,228,261,279,282,288,321,339,342,348,381,399,402,408,441,459,462,468,501,519,522,528,561,579,582,588,621,639,642,648,681,699,702,708,741,759,762,768,801",a(n) = a(n-1) + a(n-4) - a(n-5),5
A045806,"23,27,61,89,123,127,161,189,223,227,261,289,323,327,361,389,423,427,461,489,523,527,561,589,623,627,661,689,723,727,761,789,823,827,861,889,923,927,961,989,1023,1027,1061,1089,1123,1127,1161,1189,1223,1227",a(n) = a(n-1) + a(n-4) - a(n-5),5
A045802,"3,21,29,47,103,121,129,147,203,221,229,247,303,321,329,347,403,421,429,447,503,521,529,547,603,621,629,647,703,721,729,747,803,821,829,847,903,921,929,947,1003,1021,1029,1047,1103,1121,1129,1147,1203,1221",a(n) = a(n-1) + a(n-4) - a(n-5),5
A061100,"4,49,121,256,400,625,841,1156,1444,1849,2209,2704,3136,3721,4225,4900,5476,6241,6889,7744,8464,9409,10201,11236,12100,13225,14161,15376,16384,17689,18769,20164,21316,22801,24025,25600,26896,28561,29929",a(n) = a(n-1) + 2*a(n-2)-2*a(n-3) - a(n-4) + a(n-5),5
A016084,"5,10,11,13,17,25,32,37,38,40,44,52,59,64,65,67,71,79,86,91,92,94,98,106,113,118,119,121,125,133,140,145,146,148,152,160,167,172,173,175,179,187,194,199,200,202,206,214,221,226,227,229,233,241,248",a(n) = 2*a(n-1) - a(n-2) - a(n-3) + 2*a(n-4) - a(n-5),5
A091721,"5,27,16,21,49,5,27,16,21,49,5,27,16,21,49,5,27,16,21,49,5,27,16,21,49,5,27,16,21,49,5,27,16,21,49,5,27,16,21,49,5,27,16,21,49,5,27,16,21,49,5,27,16,21,49,5,27,16,21,49,5,27,16,21,49,5,27,16,21,49,5,27,16,21",a(n) =  a(n-5),5
A045805,"51,57,93,99,151,157,193,199,251,257,293,299,351,357,393,399,451,457,493,499,551,557,593,599,651,657,693,699,751,757,793,799,851,857,893,899,951,957,993,999,1051,1057,1093,1099,1151,1157,1193,1199,1251,1257",a(n) = a(n-1) + a(n-4) - a(n-5),5
A045807,"53,71,79,97,153,171,179,197,253,271,279,297,353,371,379,397,453,471,479,497,553,571,579,597,653,671,679,697,753,771,779,797,853,871,879,897,953,971,979,997,1053,1071,1079,1097,1153,1171,1179,1197,1253,1271",a(n) = a(n-1) + a(n-4) - a(n-5),5
A072710,"6,24,27,33,66,84,87,93,126,144,147,153,186,204,207,213,246,264,267,273,306,324,327,333,366,384,387,393,426,444,447,453,486,504,507,513,546,564,567,573,606,624,627,633,666,684,687,693,726,744,747,753,786",a(n) = a(n-1) + a(n-4) - a(n-5),5
A045808,"67,69,81,83,167,169,181,183,267,269,281,283,367,369,381,383,467,469,481,483,567,569,581,583,667,669,681,683,767,769,781,783,867,869,881,883,967,969,981,983,1067,1069,1081,1083,1167,1169,1181,1183,1267,1269",a(n) = a(n-1) + a(n-4) - a(n-5),5
A072702,"9,12,18,51,69,72,78,111,129,132,138,171,189,192,198,231,249,252,258,291,309,312,318,351,369,372,378,411,429,432,438,471,489,492,498,531,549,552,558,591,609,612,618,651,669,672,678,711,729,732,738,771,789",a(n) = a(n-1) + a(n-4) - a(n-5),5
A048329,"0,1,2,3,5,10,15,21,42,63,85,170,255,341,682,1023,1365,2730,4095,5461,10922,16383,21845,43690,65535,87381,174762,262143,349525,699050,1048575,1398101,2796202,4194303,5592405,11184810,16777215,22369621,44739242,67108863",a(n) =  5*a(n-3)-4*a(n-6),6
A003815,"0,1,3,0,4,1,7,0,8,1,11,0,12,1,15,0,16,1,19,0,20,1,23,0,24,1,27,0,28,1,31,0,32,1,35,0,36,1,39,0,40,1,43,0,44,1,47,0,48,1,51,0,52,1,55,0,56,1,59,0,60,1,63,0,64,1,67,0",a(n) =  a(n-2) + a(n-4) - a(n-6),6
A028841,"1,2,3,5,8,10,11,12,14,17,19,20,21,23,26,28,29,30,32,35,37,38,39,41,44,46,47,48,50,53,55,56,57,59,62,64,65,66,68,71,73,74,75,77,80,82,83,84,86,89,91,92,93,95,98,100,101,102,104,107,109,110,111,113,116,118,119",a(n) = a(n-1) + a(n-5) - a(n-6),6
A082209,"1,6,4,9,61,504,1,6,4,9,61,504,1,6,4,9,61,504,1,6,4,9,61,504,1,6,4,9,61,504,1,6,4,9,61,504,1,6,4,9,61,504,1,6,4,9,61,504,1,6,4,9,61,504,1,6,4,9,61,504,1,6,4,9,61,504,1,6,4,9,61,504,1,6,4,9,61,504,1,6,4,9,61",a(n) =  a(n-6),6
A082799,"12,21,3,42,51,6,72,81,9,102,111,12,132,141,15,162,171,18,192,201,21,222,231,24,252,261,27,282,291,30,312,321,33,342,351,36,372,381,39,402,411,42,432,441,45,462,471,48,492,501,51,522,531,54,552,561",a(n) =  2*a(n-3) - a(n-6),6
A090567,"16,64,49,961,61504,5041,16,64,49,961,61504,5041,16,64,49,961,61504,5041,16,64,49,961,61504,5041,16,64,49,961,61504,5041,16,64,49,961,61504,5041,16,64,49,961,61504,5041,16,64,49,961,61504,5041,16,64,49",a(n) =  a(n-6),6
A007929,"21,23,25,27,29,41,43,45,47,49,61,63,65,67,69,81,83,85,87,89,101,103,105,107,109,121,123,125,127,129,141,143,145,147,149,161,163,165,167,169,181,183,185,187,189,201",a(n) = a(n-1) + a(n-5) - a(n-6),6
A060584,"0,1,1,1,0,1,1,1,0,0,1,1,1,0,1,1,1,0,0,1,1,1,0,1,1,1,0,0,1,1,1,0,1,1,1,0,0,1,1,1,0,1,1,1,0,0,1,1,1,0,1,1,1,0,0,1,1,1,0,1,1,1,0,0,1,1,1,0,1,1,1,0,0,1,1,1,0,1,1,1,0,0,1,1,1,0,1,1,1,0,0,1,1,1,0,1,1,1,0,0,1,1,1,0,1",a(n) = a(n-1) - a(n-3) + a(n-4) - a(n-6) + a(n-7),7
A037079,"0,1,2,5,6,15,19,46,59,140,177,420,532,1261,1598,3785,4794,11355,14383,34066,43151,102200,129453,306600,388360,919801,1165082,2759405,3495246,8278215,10485739,24834646,31457219,74503940,94371657",a(n) = a(n-1) + 2*a(n-2)-2*a(n-3) + 2*a(n-4)-2*a(n-5) + 3*a(n-6)-3*a(n-7),7
A060588,"0,2,1,2,1,0,1,0,2,0,2,1,2,1,0,1,0,2,0,2,1,2,1,0,1,0,2,0,2,1,2,1,0,1,0,2,0,2,1,2,1,0,1,0,2,0,2,1,2,1,0,1,0,2,0,2,1,2,1,0,1,0,2,0,2,1,2,1,0,1,0,2,0,2,1,2,1,0,1,0,2,0,2,1,2,1,0,1,0,2,0,2,1,2,1,0,1,0,2,0,2,1,2,1,0",a(n) = a(n-1) - a(n-3) + a(n-4) - a(n-6) + a(n-7),7
A079824,"1,2,7,12,25,37,62,84,125,160,221,272,357,427,540,632,777,894,1075,1220,1441,1617,1882,2092,2405,2652,3017,3304,3725,4055,4536,4912,5457,5882,6495,6972,7657,8189,8950,9540,10381,11032,11957,12672,13685,14467,15572",a(n) = a(n-1) + 3*a(n-2)-3*a(n-3)-3*a(n-4) + 3*a(n-5) + a(n-6) - a(n-7),7
A034107,"10,17,27,38,51,66,83,103,124,147,172,199,229,260,293,328,365,405,446,489,534,581,631,682,735,790,847,907,968,1031,1096,1163,1233,1304,1377,1452,1529,1609,1690,1773,1858,1945,2035,2126,2219,2314,2411,2511,2612",a(n) = 2*a(n-1) - a(n-2) + a(n-5)-2*a(n-6) + a(n-7),7
A034109,"11,19,29,40,54,69,87,107,128,152,177,205,235,266,300,335,373,413,454,498,543,591,641,692,746,801,859,919,980,1044,1109,1177,1247,1318,1392,1467,1545,1625,1706,1790,1875,1963,2053,2144,2238,2333,2431,2531,2632",a(n) = 2*a(n-1) - a(n-2) + a(n-5)-2*a(n-6) + a(n-7),7
A034110,"2,6,12,20,30,41,55,71,89,109,130,154,180,208,238,269,303,339,377,417,458,502,548,596,646,697,751,807,865,925,986,1050,1116,1184,1254,1325,1399,1475,1553,1633,1714,1798,1884,1972,2062,2153,2247,2343,2441,2541",a(n) = 2*a(n-1) - a(n-2) + a(n-5)-2*a(n-6) + a(n-7),7
A034115,"35,48,63,80,99,119,142,167,194,223,253,286,321,358,397,437,480,525,572,621,671,724,779,836,895,955,1018,1083,1150,1219,1289,1362,1437,1514,1593,1673,1756,1841,1928,2017,2107,2200,2295,2392,2491,2591,2694",a(n) = 2*a(n-1) - a(n-2) + a(n-5)-2*a(n-6) + a(n-7),7
A034131,"4,16,43,92,167,275,422,615,858,1158,1521,1954,2461,3049,3724,4493,5360,6332,7415,8616,9939,11391,12978,14707,16582,18610,20797,23150,25673,28373,31256,34329,37596,41064,44739,48628,52735,57067,61630",a(n) = 3*a(n-1)-3*a(n-2) + a(n-3) + a(n-4)-3*a(n-5) + 3*a(n-6) - a(n-7),7
A034112,"7,13,22,32,44,58,74,93,113,135,159,185,214,244,276,310,346,385,425,467,511,557,606,656,708,762,818,877,937,999,1063,1129,1198,1268,1340,1414,1490,1569,1649,1731,1815,1901,1990,2080,2172,2266,2362,2461,2561",a(n) = 2*a(n-1) - a(n-2) + a(n-5)-2*a(n-6) + a(n-7),7
A034114,"8,15,24,34,47,61,78,97,117,140,164,191,220,250,283,317,354,393,433,476,520,567,616,666,719,773,830,889,949,1012,1076,1143,1212,1282,1355,1429,1506,1585,1665,1748,1832,1919,2008,2098,2191,2285,2382,2481,2581",a(n) = 2*a(n-1) - a(n-2) + a(n-5)-2*a(n-6) + a(n-7),7
A048330,"0,1,2,3,4,6,12,18,24,31,62,93,124,156,312,468,624,781,1562,2343,3124,3906,7812,11718,15624,19531,39062,58593,78124,97656,195312,292968,390624,488281,976562,1464843,1953124,2441406,4882812,7324218,9765624",a(n) =  6*a(n-4)-5*a(n-8),8
A004522,"0,2,4,6,8,10,0,2,4,6,8,10,24,26,28,30,32,34,24,26,28,30,32,34,48,50,52,54,56,58,48,50,52,54,56,58,72,74,76,78,80,82,72,74,76,78,80,82,96,98,100,102,104,106,96,98,100",a(n) = 2*a(n-1) - a(n-2) - a(n-6) + 2*a(n-7) - a(n-8),8
A080734,"1,4,7,10,12,15,18,21,24,27,30,32,35,38,41,44,47,50,52,55,58,61,64,67,70,72,75,78,81,84,87,90,92,95,98,101,104,107,110,112,115,118,121,124,127,130,132,135,138,141,144,147,150,152,155,158,161,164,167,170,172",a(n) = a(n-1) + a(n-7) - a(n-8),8
A088265,"11,13,17,19,101,103,107,109,1001,1003,1007,1009,10001,10003,10007,10009,100001,100003,100007,100009,1000001,1000003,1000007,1000009,10000001,10000003,10000007,10000009,100000001,100000003,100000007,100000009,1000000001,1000000003,1000000007,1000000009",a(n) =  11*a(n-4)-10*a(n-8),8
A082800,"12,20,32,4,52,60,72,8,92,100,112,12,132,140,152,16,172,180,192,20,212,220,232,24,252,260,272,28,292,300,312,32,332,340,352,36,372,380,392,40,412,420,432,44,452,460,472,48,492,500,512,52,532,540,552,56",a(n) =  2*a(n-4) - a(n-8),8
A049341,"3,6,9,6,6,3,9,3,3,6,9,6,6,3,9,3,3,6,9,6,6,3,9,3,3,6,9,6,6,3,9,3,3,6,9,6,6,3,9,3,3,6,9,6,6,3,9,3,3,6,9,6,6,3,9,3,3,6,9,6,6,3,9,3,3,6,9,6,6,3,9,3,3,6,9,6,6,3,9,3,3,6,9,6,6,3,9,3,3,6,9,6,6,3,9,3,3,6,9,6,6,3,9,3,3,6,9,6,6,3,9,3",a(n) =  a(n-8),8
A044104,"38,74,110,146,182,218,228,254,290,326,362,398,434,444,470,506,542,578,614,650,660,686,722,758,794,830,866,876,902,938,974,1010,1046,1082,1092,1118,1154,1190,1226,1262,1298,1308,1334",a(n) = a(n-1) + a(n-7) - a(n-8),8
A044485,"38,74,110,146,182,218,233,254,290,326,362,398,434,449,470,506,542,578,614,650,665,686,722,758,794,830,866,881,902,938,974,1010,1046,1082,1097,1118,1154,1190,1226,1262,1298,1313,1334",a(n) = a(n-1) + a(n-7) - a(n-8),8
A044105,"39,75,111,147,183,219,234,255,291,327,363,399,435,450,471,507,543,579,615,651,666,687,723,759,795,831,867,882,903,939,975,1011,1047,1083,1098,1119,1155,1191,1227,1263,1299,1314,1335",a(n) = a(n-1) + a(n-7) - a(n-8),8
A044486,"39,75,111,147,183,219,239,255,291,327,363,399,435,455,471,507,543,579,615,651,671,687,723,759,795,831,867,887,903,939,975,1011,1047,1083,1103,1119,1155,1191,1227,1263,1299,1319,1335",a(n) = a(n-1) + a(n-7) - a(n-8),8
A080709,"4,16,37,58,89,145,42,20,4,16,37,58,89,145,42,20,4,16,37,58,89,145,42,20,4,16,37,58,89,145,42,20,4,16,37,58,89,145,42,20,4,16,37,58,89,145,42,20,4,16,37,58,89,145,42,20,4,16,37,58,89,145,42,20,4,16,37",a(n) =  a(n-8),8
A044106,"40,76,112,148,184,220,240,256,292,328,364,400,436,456,472,508,544,580,616,652,672,688,724,760,796,832,868,888,904,940,976,1012,1048,1084,1104,1120,1156,1192,1228,1264,1300,1320,1336",a(n) = a(n-1) + a(n-7) - a(n-8),8
A044487,"40,76,112,148,184,220,245,256,292,328,364,400,436,461,472,508,544,580,616,652,677,688,724,760,796,832,868,893,904,940,976,1012,1048,1084,1109,1120,1156,1192,1228,1264,1300,1325,1336",a(n) = a(n-1) + a(n-7) - a(n-8),8
A044107,"41,77,113,149,185,221,246,257,293,329,365,401,437,462,473,509,545,581,617,653,678,689,725,761,797,833,869,894,905,941,977,1013,1049,1085,1110,1121,1157,1193,1229,1265,1301,1326,1337",a(n) = a(n-1) + a(n-7) - a(n-8),8
A044488,"41,77,113,149,185,221,251,257,293,329,365,401,437,467,473,509,545,581,617,653,683,689,725,761,797,833,869,899,905,941,977,1013,1049,1085,1115,1121,1157,1193,1229,1265,1301,1331,1337",a(n) = a(n-1) + a(n-7) - a(n-8),8
A044186,"48,97,146,195,244,293,336,391,440,489,538,587,636,679,734,783,832,881,930,979,1022,1077,1126,1175,1224,1273,1322,1365,1420,1469,1518,1567,1616,1665,1708,1763,1812,1861,1910,1959,2008",a(n) = a(n-1) + a(n-7) - a(n-8),8
A044519,"49,98,147,196,245,294,349,392,441,490,539,588,637,692,735,784,833,882,931,980,1035,1078,1127,1176,1225,1274,1323,1378,1421,1470,1519,1568,1617,1666,1721,1764,1813,1862,1911,1960,2009,2064,2107,2156,2205,2254,2303",a(n) = a(n-1) + a(n-7) - a(n-8),8
A044833,"8,16,24,32,40,48,392,400,408,416,424,432,440,784,792,800,808,816,824,832,1176,1184,1192,1200,1208,1216,1224,1568,1576,1584,1592,1600,1608,1616,1960,1968,1976,1984,1992,2000,2008,2352",a(n) = a(n-1) + a(n-7) - a(n-8),8
A073795,"0,1,2,3,4,5,6,7,-8,-7,-6,-5,-4,-3,-2,-1,-16,-15,-14,-13,-12,-11,-10,-9,-24,-23,-22,-21,-20,-19,-18,-17,-32,-31,-30,-29,-28,-27,-26,-25,-40,-39,-38,-37,-36,-35,-34,-33,-48,-47,-46,-45,-44,-43,-42,-41,-56,-55,-54,-53,-52,-51,-50,-49",a(n) = a(n-1) + a(n-8) - a(n-9),9
A080413,"0,2,4,6,1,3,5,7,8,10,12,14,9,11,13,15,16,18,20,22,17,19,21,23,24,26,28,30,25,27,29,31,32,34,36,38,33,35,37,39,40,42,44,46,41,43,45,47,48,50,52,54,49,51,53,55,56,58,60,62,57,59,61,63,64,66,68,70,65,67,69,71,72",a(n) = a(n-1) + a(n-8) - a(n-9),9
A080414,"0,4,1,5,2,6,3,7,8,12,9,13,10,14,11,15,16,20,17,21,18,22,19,23,24,28,25,29,26,30,27,31,32,36,33,37,34,38,35,39,40,44,41,45,42,46,43,47,48,52,49,53,50,54,51,55,56,60,57,61,58,62,59,63,64,68,65,69,66,70,67,71,72",a(n) = a(n-1) + a(n-8) - a(n-9),9
A037124,"1,2,3,4,5,6,7,8,9,10,20,30,40,50,60,70,80,90,100,200,300,400,500,600,700,800,900,1000,2000,3000,4000,5000,6000,7000,8000,9000,10000,20000,30000,40000,50000,60000,70000,80000,90000,100000",a(n) =  10*a(n-9),9
A033082,"1,2,3,7,8,13,29,34,55,119,136,221,477,546,887,1911,2184,3549,7645,8738,14199,30583,34952,56797,122333,139810,227191,489335,559240,908765,1957341,2236962,3635063,7829367,8947848,14540253,31317469,35791394,58161015",a(n) =  4*a(n-3) + a(n-6)-4*a(n-9),9
A072675,"1,2,8,19,22,28,41,59,61,62,68,79,82,88,101,119,121,122,128,139,142,148,161,179,181,182,188,199,202,208,221,239,241,242,248,259,262,268,281,299,301,302,308,319,322,328,341,359,361,362,368,379,382,388,401",a(n) = a(n-1) + a(n-8) - a(n-9),9
A056992,"1,4,9,7,7,9,4,1,9,1,4,9,7,7,9,4,1,9,1,4,9,7,7,9,4,1,9,1,4,9,7,7,9,4,1,9,1,4,9,7,7,9,4,1,9,1,4,9,7,7,9,4,1,9,1,4,9,7,7,9,4,1,9,1,4,9,7,7,9,4,1,9,1,4,9,7,7,9,4,1,9,1,4,9,7,7,9",a(n) =  a(n-9),9
A072711,"11,29,31,32,38,49,52,58,71,89,91,92,98,109,112,118,131,149,151,152,158,169,172,178,191,209,211,212,218,229,232,238,251,269,271,272,278,289,292,298,311,329,331,332,338,349,352,358,371,389,391,392,398,409",a(n) = a(n-1) + a(n-8) - a(n-9),9
A072709,"14,16,17,23,34,37,43,56,74,76,77,83,94,97,103,116,134,136,137,143,154,157,163,176,194,196,197,203,214,217,223,236,254,256,257,263,274,277,283,296,314,316,317,323,334,337,343,356,374,376,377,383,394,397,403",a(n) = a(n-1) + a(n-8) - a(n-9),9
A084364,"19,28,37,46,55,64,73,82,91,19,28,37,46,55,64,73,82,91,19,28,37,46,55,64,73,82,91,19,28,37,46,55,64,73,82,91,19,28,37,46,55,64,73,82,91,19,28,37,46,55,64,73,82,91,19,28,37,46,55,64,73,82,91,19,28,37,46,55,64",a(n) =  a(n-9),9
A044175,"37,86,135,184,233,259,282,331,380,429,478,527,576,602,625,674,723,772,821,870,919,945,968,1017,1066,1115,1164,1213,1262,1288,1311,1360,1409,1458,1507,1556,1605,1631,1654,1703,1752,1801",a(n) = a(n-1) + a(n-8) - a(n-9),9
A044556,"37,86,135,184,233,265,282,331,380,429,478,527,576,608,625,674,723,772,821,870,919,951,968,1017,1066,1115,1164,1213,1262,1294,1311,1360,1409,1458,1507,1556,1605,1637,1654,1703,1752,1801",a(n) = a(n-1) + a(n-8) - a(n-9),9
A044176,"38,87,136,185,234,266,283,332,381,430,479,528,577,609,626,675,724,773,822,871,920,952,969,1018,1067,1116,1165,1214,1263,1295,1312,1361,1410,1459,1508,1557,1606,1638,1655,1704,1753,1802",a(n) = a(n-1) + a(n-8) - a(n-9),9
A044557,"38,87,136,185,234,272,283,332,381,430,479,528,577,615,626,675,724,773,822,871,920,958,969,1018,1067,1116,1165,1214,1263,1301,1312,1361,1410,1459,1508,1557,1606,1644,1655,1704,1753,1802",a(n) = a(n-1) + a(n-8) - a(n-9),9
A044177,"39,88,137,186,235,273,284,333,382,431,480,529,578,616,627,676,725,774,823,872,921,959,970,1019,1068,1117,1166,1215,1264,1302,1313,1362,1411,1460,1509,1558,1607,1645,1656,1705,1754,1803",a(n) = a(n-1) + a(n-8) - a(n-9),9
A044558,"39,88,137,186,235,279,284,333,382,431,480,529,578,622,627,676,725,774,823,872,921,965,970,1019,1068,1117,1166,1215,1264,1308,1313,1362,1411,1460,1509,1558,1607,1651,1656,1705,1754,1803",a(n) = a(n-1) + a(n-8) - a(n-9),9
A072683,"4,7,13,26,44,46,47,53,64,67,73,86,104,106,107,113,124,127,133,146,164,166,167,173,184,187,193,206,224,226,227,233,244,247,253,266,284,286,287,293,304,307,313,326,344,346,347,353,364,367,373,386,404,406,407",a(n) = a(n-1) + a(n-8) - a(n-9),9
A044180,"42,91,140,189,238,287,294,336,385,434,483,532,581,630,637,679,728,777,826,875,924,973,980,1022,1071,1120,1169,1218,1267,1316,1323,1365,1414,1463,1512,1561,1610,1659,1666,1708,1757,1806",a(n) = a(n-1) + a(n-8) - a(n-9),9
A044561,"42,91,140,189,238,287,300,336,385,434,483,532,581,630,643,679,728,777,826,875,924,973,986,1022,1071,1120,1169,1218,1267,1316,1329,1365,1414,1463,1512,1561,1610,1659,1672,1708,1757,1806",a(n) = a(n-1) + a(n-8) - a(n-9),9
A044181,"43,92,141,190,239,288,301,337,386,435,484,533,582,631,644,680,729,778,827,876,925,974,987,1023,1072,1121,1170,1219,1268,1317,1330,1366,1415,1464,1513,1562,1611,1660,1673,1709,1758,1807",a(n) = a(n-1) + a(n-8) - a(n-9),9
A044562,"43,92,141,190,239,288,307,337,386,435,484,533,582,631,650,680,729,778,827,876,925,974,993,1023,1072,1121,1170,1219,1268,1317,1336,1366,1415,1464,1513,1562,1611,1660,1679,1709,1758,1807",a(n) = a(n-1) + a(n-8) - a(n-9),9
A044182,"44,93,142,191,240,289,308,338,387,436,485,534,583,632,651,681,730,779,828,877,926,975,994,1024,1073,1122,1171,1220,1269,1318,1337,1367,1416,1465,1514,1563,1612,1661,1680,1710,1759,1808",a(n) = a(n-1) + a(n-8) - a(n-9),9
A044563,"44,93,142,191,240,289,314,338,387,436,485,534,583,632,657,681,730,779,828,877,926,975,1000,1024,1073,1122,1171,1220,1269,1318,1343,1367,1416,1465,1514,1563,1612,1661,1686,1710,1759,1808",a(n) = a(n-1) + a(n-8) - a(n-9),9
A044183,"45,94,143,192,241,290,315,339,388,437,486,535,584,633,658,682,731,780,829,878,927,976,1001,1025,1074,1123,1172,1221,1270,1319,1344,1368,1417,1466,1515,1564,1613,1662,1687,1711,1760,1809",a(n) = a(n-1) + a(n-8) - a(n-9),9
A044564,"45,94,143,192,241,290,321,339,388,437,486,535,584,633,664,682,731,780,829,878,927,976,1007,1025,1074,1123,1172,1221,1270,1319,1350,1368,1417,1466,1515,1564,1613,1662,1693,1711,1760,1809",a(n) = a(n-1) + a(n-8) - a(n-9),9
A044184,"46,95,144,193,242,291,322,340,389,438,487,536,585,634,665,683,732,781,830,879,928,977,1008,1026,1075,1124,1173,1222,1271,1320,1351,1369,1418,1467,1516,1565,1614,1663,1694,1712,1761,1810",a(n) = a(n-1) + a(n-8) - a(n-9),9
A044565,"46,95,144,193,242,291,328,340,389,438,487,536,585,634,671,683,732,781,830,879,928,977,1014,1026,1075,1124,1173,1222,1271,1320,1357,1369,1418,1467,1516,1565,1614,1663,1700,1712,1761,1810",a(n) = a(n-1) + a(n-8) - a(n-9),9
A044185,"47,96,145,194,243,292,329,341,390,439,488,537,586,635,672,684,733,782,831,880,929,978,1015,1027,1076,1125,1174,1223,1272,1321,1358,1370,1419,1468,1517,1566,1615,1664,1701,1713,1762,1811",a(n) = a(n-1) + a(n-8) - a(n-9),9
A044566,"47,96,145,194,243,292,335,341,390,439,488,537,586,635,678,684,733,782,831,880,929,978,1021,1027,1076,1125,1174,1223,1272,1321,1364,1370,1419,1468,1517,1566,1615,1664,1707,1713,1762,1811",a(n) = a(n-1) + a(n-8) - a(n-9),9
A044139,"50,99,148,197,246,295,344,350,393,442,491,540,589,638,687,693,736,785,834,883,932,981,1030,1036,1079,1128,1177,1226,1275,1324,1373,1379,1422,1471,1520,1569,1618,1667,1716,1722,1765,1814",a(n) = a(n-1) + a(n-8) - a(n-9),9
A044520,"50,99,148,197,246,295,344,356,393,442,491,540,589,638,687,699,736,785,834,883,932,981,1030,1042,1079,1128,1177,1226,1275,1324,1373,1385,1422,1471,1520,1569,1618,1667,1716,1728,1765,1814",a(n) = a(n-1) + a(n-8) - a(n-9),9
A044834,"9,18,27,36,45,54,63,576,585,594,603,612,621,630,639,1152,1161,1170,1179,1188,1197,1206,1215,1728,1737,1746,1755,1764,1773,1782,1791,2304,2313,2322,2331,2340,2349,2358,2367,2880,2889",a(n) = a(n-1) + a(n-8) - a(n-9),9
A039207,"0,1,2,3,4,5,6,7,10,11,12,13,14,15,16,17,18,21,22,23,24,25,26,27,28,29,32,33,34,35,36,37,38,39,40,43,44,45,46,47,48,49,50,51,54,55,56,57,58,59,60,61,62,65,66,67,68,69,70,71,72,73,76,77,78,79,80,81,82,83",a(n) = a(n-1) + a(n-9) - a(n-10),10
A007095,"0,1,2,3,4,5,6,7,8,10,11,12,13,14,15,16,17,18,20,21,22,23,24,25,26,27,28,30,31,32,33,34,35,36,37,38,40,41,42,43,44,45,46,47,48,50,51,52,53,54,55,56,57,58,60,61,62,63,64,65,66,67,68,70,71,72,73,74,75,76,77,78,80,81,82,83,84",a(n) = a(n-1) + a(n-9) - a(n-10),10
A039273,"0,1,2,3,4,5,6,7,8,10,12,13,14,15,16,17,18,19,20,22,24,25,26,27,28,29,30,31,32,34,36,37,38,39,40,41,42,43,44,46,48,49,50,51,52,53,54,55,56,58,60,61,62,63,64,65,66,67,68,70,72,73,74,75,76,77,78,79,80,82",a(n) = 2*a(n-1)-2*a(n-2) + 2*a(n-3)-2*a(n-4) + 2*a(n-5)-2*a(n-6) + 2*a(n-7)-2*a(n-8) + 2*a(n-9) - a(n-10),10
A039209,"0,1,2,3,4,5,6,7,8,11,12,13,14,15,16,17,18,19,22,23,24,25,26,27,28,29,30,33,34,35,36,37,38,39,40,41,44,45,46,47,48,49,50,51,52,55,56,57,58,59,60,61,62,63,66,67,68,69,70,71,72,73,74,77,78,79,80,81,82,83",a(n) = a(n-1) + a(n-9) - a(n-10),10
A010879,"0,1,2,3,4,5,6,7,8,9,0,1,2,3,4,5,6,7,8,9,0,1,2,3,4,5,6,7,8,9,0,1,2,3,4,5,6,7,8,9,0,1,2,3,4,5,6,7,8,9,0,1,2,3,4,5,6,7,8,9,0,1,2,3,4,5,6,7,8,9,0,1,2,3,4,5,6,7,8,9,0",a(n) =  a(n-10),10
A061479,"0,1,2,3,4,5,6,7,8,9,109,209,309,409,509,609,709,809,909,10909,20909,30909,40909,50909,60909,70909,80909,90909,1090909,2090909,3090909,4090909,5090909,6090909,7090909,8090909,9090909,109090909,209090909",a(n) = a(n-1) + 100*a(n-9)-100*a(n-10),10
A051885,"0,1,2,3,4,5,6,7,8,9,19,29,39,49,59,69,79,89,99,199,299,399,499,599,699,799,899,999,1999,2999,3999,4999,5999,6999,7999,8999,9999,19999,29999,39999,49999,59999,69999,79999,89999,99999,199999,299999,399999,499999",a(n) = a(n-1) + 10*a(n-9)-10*a(n-10),10
A073796,"0,1,2,3,4,5,6,7,8,-9,-8,-7,-6,-5,-4,-3,-2,-1,-18,-17,-16,-15,-14,-13,-12,-11,-10,-27,-26,-25,-24,-23,-22,-21,-20,-19,-36,-35,-34,-33,-32,-31,-30,-29,-28,-45,-44,-43,-42,-41,-40,-39,-38,-37,-54,-53,-52,-51,-50,-49,-48,-47,-46",a(n) = a(n-1) + a(n-9) - a(n-10),10
A052421,"0,1,2,3,4,5,6,7,9,10,11,12,13,14,15,16,17,19,20,21,22,23,24,25,26,27,29,30,31,32,33,34,35,36,37,39,40,41,42,43,44,45,46,47,49,50,51,52,53,54,55,56,57,59,60,61,62,63,64,65,66,67,69,70,71,72,73,74,75,76,77,79",a(n) = a(n-1) + a(n-9) - a(n-10),10
A039270,"0,1,2,3,4,5,6,7,9,11,12,13,14,15,16,17,18,19,21,23,24,25,26,27,28,29,30,31,33,35,36,37,38,39,40,41,42,43,45,47,48,49,50,51,52,53,54,55,57,59,60,61,62,63,64,65,66,67,69,71,72,73,74,75,76,77,78,79,81,83",a(n) = 2*a(n-1)-2*a(n-2) + 2*a(n-3)-2*a(n-4) + 2*a(n-5)-2*a(n-6) + 2*a(n-7)-2*a(n-8) + 2*a(n-9) - a(n-10),10
A039208,"0,1,2,3,4,5,6,7,9,11,12,13,14,15,16,17,18,20,22,23,24,25,26,27,28,29,31,33,34,35,36,37,38,39,40,42,44,45,46,47,48,49,50,51,53,55,56,57,58,59,60,61,62,64,66,67,68,69,70,71,72,73,75,77,78,79,80,81,82,83",a(n) = a(n-1) + a(n-9) - a(n-10),10
A039266,"0,1,2,3,4,5,6,8,10,11,12,13,14,15,16,17,18,20,22,23,24,25,26,27,28,29,30,32,34,35,36,37,38,39,40,41,42,44,46,47,48,49,50,51,52,53,54,56,58,59,60,61,62,63,64,65,66,68,70,71,72,73,74,75,76,77,78,80",a(n) = 2*a(n-1)-2*a(n-2) + 2*a(n-3)-2*a(n-4) + 2*a(n-5)-2*a(n-6) + 2*a(n-7)-2*a(n-8) + 2*a(n-9) - a(n-10),10
A039268,"0,1,2,3,4,5,6,8,9,10,12,13,14,15,16,17,18,20,21,22,24,25,26,27,28,29,30,32,33,34,36,37,38,39,40,41,42,44,45,46,48,49,50,51,52,53,54,56,57,58,60,61,62,63,64,65,66,68,69,70,72,73,74,75,76,77,78,80",a(n) = 2*a(n-1)-2*a(n-2) + 2*a(n-3)-2*a(n-4) + 2*a(n-5)-2*a(n-6) + 2*a(n-7)-2*a(n-8) + 2*a(n-9) - a(n-10),10
A048331,"0,1,2,3,4,5,7,14,21,28,35,43,86,129,172,215,259,518,777,1036,1295,1555,3110,4665,6220,7775,9331,18662,27993,37324,46655,55987,111974,167961,223948,279935,335923,671846,1007769,1343692,1679615,2015539",a(n) =  7*a(n-5)-6*a(n-10),10
A008856,"0,1,24,25,49,51,75,76,99,100,101,124,125,149,151,175,176,199,200,201,224,225,249,251,275,276,299,300,301,324,325,349,351,375,376,399,400,401,424,425,449,451,475,476,499,500,501,524,525,549,551,575,576,599",a(n) = a(n-1) + a(n-9) - a(n-10),10
A008959,"0,1,4,9,6,5,6,9,4,1,0,1,4,9,6,5,6,9,4,1,0,1,4,9,6,5,6,9,4,1,0,1,4,9,6,5,6,9,4,1,0,1,4,9,6,5,6,9,4,1,0,1,4,9,6,5,6,9,4,1,0,1,4,9,6,5,6,9,4,1,0,1,4,9,6,5,6,9,4,1,0,1,4,9,6,5,6,9,4,1,0,1,4,9,6,5,6,9,4,1,0",a(n) =  a(n-10),10
A070514,"0,1,6,1,6,5,6,1,6,1,0,1,6,1,6,5,6,1,6,1,0,1,6,1,6,5,6,1,6,1,0,1,6,1,6,5,6,1,6,1,0,1,6,1,6,5,6,1,6,1,0,1,6,1,6,5,6,1,6,1,0,1,6,1,6,5,6,1,6,1,0,1,6,1,6,5,6,1,6,1,0,1,6,1,6,5,6,1,6,1,0,1,6,1,6,5,6,1,6,1,0",a(n) =  a(n-10),10
A008960,"0,1,8,7,4,5,6,3,2,9,0,1,8,7,4,5,6,3,2,9,0,1,8,7,4,5,6,3,2,9,0,1,8,7,4,5,6,3,2,9,0,1,8,7,4,5,6,3,2,9,0,1,8,7,4,5,6,3,2,9,0,1,8,7,4,5,6,3,2,9,0,1,8,7,4,5,6,3,2,9,0,1,8,7,4,5",a(n) =  a(n-10),10
A037479,"1,2,3,4,5,6,7,8,10,11,12,13,14,15,16,17,18,20,21,22,23,24,25,26,27,28,30,31,32,33,34,35,36,37,38,40,41,42,43,44,45,46,47,48,50,51,52,53,54,55,56,57,58,60,61,62,63,64,65,66,67,68,70",a(n) = a(n-1) + a(n-9) - a(n-10),10
A039164,"1,2,3,4,5,6,7,8,10,12,13,14,15,16,17,18,19,21,23,24,25,26,27,28,29,30,32,34,35,36,37,38,39,40,41,43,45,46,47,48,49,50,51,52,54,56,57,58,59,60,61,62,63,65,67,68,69,70,71,72,73,74,76,78,79,80,81,82,83,84",a(n) = a(n-1) + a(n-9) - a(n-10),10
A067251,"1,2,3,4,5,6,7,8,9,11,12,13,14,15,16,17,18,19,21,22,23,24,25,26,27,28,29,31,32,33,34,35,36,37,38,39,41,42,43,44,45,46,47,48,49,51,52,53,54,55,56,57,58,59,61,62,63,64,65,66,67,68,69,71,72,73,74,75,76,77,78,79,81,82,83,84,85,86,87,88,89,91,92,93,94,95,96,97,98,99,101,102,103,104",a(n) = a(n-1) + a(n-9) - a(n-10),10
A039219,"1,2,3,4,5,6,7,8,9,11,13,14,15,16,17,18,19,20,21,23,25,26,27,28,29,30,31,32,33,35,37,38,39,40,41,42,43,44,45,47,49,50,51,52,53,54,55,56,57,59,61,62,63,64,65,66,67,68,69,71,73,74,75,76,77,78,79,80,81,83",a(n) = 2*a(n-1)-2*a(n-2) + 2*a(n-3)-2*a(n-4) + 2*a(n-5)-2*a(n-6) + 2*a(n-7)-2*a(n-8) + 2*a(n-9) - a(n-10),10
A039217,"1,2,3,4,5,6,7,9,10,11,13,14,15,16,17,18,19,21,22,23,25,26,27,28,29,30,31,33,34,35,37,38,39,40,41,42,43,45,46,47,49,50,51,52,53,54,55,57,58,59,61,62,63,64,65,66,67,69,70,71,73,74,75,76,77,78,79,81",a(n) = 2*a(n-1)-2*a(n-2) + 2*a(n-3)-2*a(n-4) + 2*a(n-5)-2*a(n-6) + 2*a(n-7)-2*a(n-8) + 2*a(n-9) - a(n-10),10
A039163,"1,2,3,4,5,6,7,9,10,12,13,14,15,16,17,18,20,21,23,24,25,26,27,28,29,31,32,34,35,36,37,38,39,40,42,43,45,46,47,48,49,50,51,53,54,56,57,58,59,60,61,62,64,65,67,68,69,70,71,72,73,75,76,78,79,80,81,82,83,84",a(n) = a(n-1) + a(n-9) - a(n-10),10
A054842,"1,2,4,8,16,32,64,128,256,512,3,6,12,24,48,96,192,384,768,1536,9,18,36,72,144,288,576,1152,2304,4608,27,54,108,216,432,864,1728,3456,6912,13824,81,162,324,648,1296,2592,5184,10368,20736,41472,243,486,972",a(n) =  3*a(n-10),10
A080151,"1,4,9,16,25,36,49,64,81,82,85,90,97,106,117,130,145,162,163,166,171,178,187,198,211,226,243,244,247,252,259,268,279,292,307,324,325,328,333,340,349,360,373,388,405,406,409,414,421,430,441,454,469,486,487",a(n) = a(n-1) + a(n-9) - a(n-10),10
A014393,"1,9,81,29,61,49,41,69,21,89,1,9,81,29,61,49,41,69,21,89,1,9,81,29,61,49,41,69,21,89,1,9,81,29,61,49,41,69,21,89,1,9,81,29,61,49,41,69,21,89,1,9,81,29,61,49,41,69,21,89",a(n) =  a(n-10),10
A044835,"10,20,30,40,50,60,70,80,810,820,830,840,850,860,870,880,890,1620,1630,1640,1650,1660,1670,1680,1690,1700,2430,2440,2450,2460,2470,2480,2490,2500,2510,3240,3250,3260,3270,3280,3290",a(n) = a(n-1) + a(n-9) - a(n-10),10
A060386,"101,11,2,3,41,5,61,7,83,19,101,11,2,3,41,5,61,7,83,19,101,11,2,3,41,5,61,7,83,19,101,11,2,3,41,5,61,7,83,19,101,11,2,3,41,5,61,7,83,19,101,11,2,3,41,5,61,7,83,19,101",a(n) =  a(n-10),10
A038687,"11,12,13,14,15,16,17,18,19,21,22,23,24,25,26,27,28,29,31,32,33,34,35,36,37,38,39,41,42,43,44,45,46,47,48,49,51,52,53,54,55,56,57,58,59,61,62,63,64,65,66,67,68,69",a(n) = a(n-1) + a(n-9) - a(n-10),10
A064806,"2,4,6,8,10,12,14,16,18,11,13,15,17,19,21,23,25,27,20,22,24,26,28,30,32,34,36,29,31,33,35,37,39,41,43,45,38,40,42,44,46,48,50,52,54,47,49,51,53,55,57,59,61,63,56,58,60,62,64,66,68,70,72,65,67,69,71",a(n) = a(n-1) + a(n-9) - a(n-10),10
A031954,"9,11,12,13,14,15,16,17,18,19,21,22,23,24,25,26,27,28,29,31,32,33,34,35,36,37,38,39,41,42,43,44,45,46,47,48,49,51,52,53,54,55,56,57,58,59,61,62,63,64,65,66,67,68,69,71,72,73,74,75,76",a(n) = a(n-1) + a(n-9) - a(n-10),10
A044941,"0,0,0,0,0,0,0,0,0,0,1,0,0,0,0,0,0,0,0,0,0,1,0,0,0,0,0,0,0,0,0,0,1,0,0,0,0,0,0,0,0,0,0,1,0,0,0,0,0,0,0,0,0,0,1,0,0,0,0,0,0,0,0,0,0,1,0,0,0,0,0,0,0,0,0,0,1,0,0,0,0,0,0,0,0,0,0,1,0,0",a(n) =  a(n-11),11
A059995,"0,0,0,0,0,0,0,0,0,0,1,1,1,1,1,1,1,1,1,1,2,2,2,2,2,2,2,2,2,2,3,3,3,3,3,3,3,3,3,3,4,4,4,4,4,4,4,4,4,4,5,5,5,5,5,5,5,5,5,5,6,6,6,6,6,6,6,6,6,6,7,7,7,7,7,7,7,7,7,7,8,8,8,8,8,8,8,8,8,8,9,9,9,9,9,9,9,9,9,9,10,10,10",a(n) = a(n-1) + a(n-10) - a(n-11),11
A066568,"0,0,0,0,0,0,0,0,0,0,9,9,9,9,9,9,9,9,9,9,18,18,18,18,18,18,18,18,18,18,27,27,27,27,27,27,27,27,27,27,36,36,36,36,36,36,36,36,36,36,45,45,45,45,45,45,45,45,45,45,54,54,54,54,54,54,54,54,54,54,63,63,63,63,63,63",a(n) = a(n-1) + a(n-10) - a(n-11),11
A039269,"0,1,2,3,4,5,6,7,10,11,12,13,14,15,16,17,18,19,22,23,24,25,26,27,28,29,30,31,34,35,36,37,38,39,40,41,42,43,46,47,48,49,50,51,52,53,54,55,58,59,60,61,62,63,64,65,66,67,70,71,72,73,74,75,76,77,78,79,82,83",a(n) = a(n-1) + a(n-10) - a(n-11),11
A039272,"0,1,2,3,4,5,6,7,8,11,12,13,14,15,16,17,18,19,20,23,24,25,26,27,28,29,30,31,32,35,36,37,38,39,40,41,42,43,44,47,48,49,50,51,52,53,54,55,56,59,60,61,62,63,64,65,66,67,68,71,72,73,74,75,76,77,78,79,80,83",a(n) = a(n-1) + a(n-10) - a(n-11),11
A055017,"0,1,2,3,4,5,6,7,8,9,-1,0,1,2,3,4,5,6,7,8,-2,-1,0,1,2,3,4,5,6,7,-3,-2,-1,0,1,2,3,4,5,6,-4,-3,-2,-1,0,1,2,3,4,5,-5,-4,-3,-2,-1,0,1,2,3,4,-6,-5,-4,-3,-2,-1,0,1,2,3,-7,-6,-5,-4,-3,-2,-1,0,1,2,-8,-7,-6,-5,-4,-3",a(n) = a(n-1) + a(n-10) - a(n-11),11
A007953,"0,1,2,3,4,5,6,7,8,9,1,2,3,4,5,6,7,8,9,10,2,3,4,5,6,7,8,9,10,11,3,4,5,6,7,8,9,10,11,12,4,5,6,7,8,9,10,11,12,13,5,6,7,8,9,10,11,12,13,14,6,7,8,9,10,11,12,13,14,15,7,8,9,10,11,12,13,14,15,16,8,9,10,11,12,13,14,15",a(n) = a(n-1) + a(n-10) - a(n-11),11
A080463,"0,1,2,3,4,5,6,7,8,9,1,2,3,4,5,6,7,8,9,10,2,3,4,5,6,7,8,9,10,11,3,4,5,6,7,8,9,10,11,12,4,5,6,7,8,9,10,11,12,13,5,6,7,8,9,10,11,12,13,14,6,7,8,9,10,11,12,13,14,15,7,8,9,10,11,12,13,14,15,16,8,9,10,11,12,13,14,15,16",a(n) = a(n-1) + a(n-10) - a(n-11),11
A073835,"0,1,2,3,4,5,6,7,8,9,-10,-9,-8,-7,-6,-5,-4,-3,-2,-1,-20,-19,-18,-17,-16,-15,-14,-13,-12,-11,-30,-29,-28,-27,-26,-25,-24,-23,-22,-21,-40,-39,-38,-37,-36,-35,-34,-33,-32,-31,-50,-49,-48,-47,-46,-45,-44,-43,-42,-41,-60",a(n) = a(n-1) + a(n-10) - a(n-11),11
A051022,"0,1,2,3,4,5,6,7,8,9,100,101,102,103,104,105,106,107,108,109,200,201,202,203,204,205,206,207,208,209,300,301,302,303,304,305,306,307,308,309,400,401,402,403,404,405,406,407,408,409,500,501,502,503,504,505",a(n) = a(n-1) + a(n-10) - a(n-11),11
A065039,"0,1,2,3,4,5,6,7,8,9,11,12,13,14,15,16,17,18,19,20,22,23,24,25,26,27,28,29,30,31,33,34,35,36,37,38,39,40,41,42,44,45,46,47,48,49,50,51,52,53,55,56,57,58,59,60,61,62,63,64,66,67,68,69,70",a(n) = a(n-1) + a(n-10) - a(n-11),11
A056143,"0,1,2,3,4,5,6,7,8,9,110,111,112,113,114,115,116,117,118,119,220,221,222,223,224,225,226,227,228,229,330,331,332,333,334,335,336,337,338,339,440,441,442,443,444,445,446,447,448,449,550,551,552,553,554,555",a(n) = a(n-1) + a(n-10) - a(n-11),11
A039274,"0,1,2,3,4,5,6,7,8,9,12,13,14,15,16,17,18,19,20,21,24,25,26,27,28,29,30,31,32,33,36,37,38,39,40,41,42,43,44,45,48,49,50,51,52,53,54,55,56,57,60,61,62,63,64,65,66,67,68,69,72,73,74,75,76,77,78,79,80,81",a(n) = a(n-1) + a(n-10) - a(n-11),11
A028898,"0,1,2,3,4,5,6,7,8,9,3,4,5,6,7,8,9,10,11,12,6,7,8,9,10,11,12,13,14,15,9,10,11,12,13,14,15,16,17,18,12,13,14,15,16,17,18,19,20,21,15,16,17,18,19,20,21,22,23,24,18,19,20,21,22,23,24,25,26,27,21,22,23,24,25,26,27",a(n) = a(n-1) + a(n-10) - a(n-11),11
A028899,"0,1,2,3,4,5,6,7,8,9,4,5,6,7,8,9,10,11,12,13,8,9,10,11,12,13,14,15,16,17,12,13,14,15,16,17,18,19,20,21,16,17,18,19,20,21,22,23,24,25,20,21,22,23,24,25,26,27,28,29,24,25,26,27,28,29,30,31,32,33,28,29,30,31,32,33",a(n) = a(n-1) + a(n-10) - a(n-11),11
A028900,"0,1,2,3,4,5,6,7,8,9,5,6,7,8,9,10,11,12,13,14,10,11,12,13,14,15,16,17,18,19,15,16,17,18,19,20,21,22,23,24,20,21,22,23,24,25,26,27,28,29,25,26,27,28,29,30,31,32,33,34,30,31,32,33,34,35,36,37,38,39,35,36,37,38,39",a(n) = a(n-1) + a(n-10) - a(n-11),11
A028901,"0,1,2,3,4,5,6,7,8,9,6,7,8,9,10,11,12,13,14,15,12,13,14,15,16,17,18,19,20,21,18,19,20,21,22,23,24,25,26,27,24,25,26,27,28,29,30,31,32,33,30,31,32,33,34,35,36,37,38,39,36,37,38,39,40,41,42,43,44,45,42,43,44,45",a(n) = a(n-1) + a(n-10) - a(n-11),11
A028902,"0,1,2,3,4,5,6,7,8,9,7,8,9,10,11,12,13,14,15,16,14,15,16,17,18,19,20,21,22,23,21,22,23,24,25,26,27,28,29,30,28,29,30,31,32,33,34,35,36,37,35,36,37,38,39,40,41,42,43,44,42,43,44,45,46,47,48,49,50,51,49,50,51,52",a(n) = a(n-1) + a(n-10) - a(n-11),11
A028903,"0,1,2,3,4,5,6,7,8,9,8,9,10,11,12,13,14,15,16,17,16,17,18,19,20,21,22,23,24,25,24,25,26,27,28,29,30,31,32,33,32,33,34,35,36,37,38,39,40,41,40,41,42,43,44,45,46,47,48,49,48,49,50,51,52,53,54,55,56,57,56,57,58,59",a(n) = a(n-1) + a(n-10) - a(n-11),11
A039271,"0,1,2,3,4,5,6,7,9,10,12,13,14,15,16,17,18,19,21,22,24,25,26,27,28,29,30,31,33,34,36,37,38,39,40,41,42,43,45,46,48,49,50,51,52,53,54,55,57,58,60,61,62,63,64,65,66,67,69,70,72,73,74,75,76,77,78,79,81,82",a(n) = a(n-1) + a(n-10) - a(n-11),11
A039267,"0,1,2,3,4,5,6,8,9,11,12,13,14,15,16,17,18,20,21,23,24,25,26,27,28,29,30,32,33,35,36,37,38,39,40,41,42,44,45,47,48,49,50,51,52,53,54,56,57,59,60,61,62,63,64,65,66,68,69,71,72,73,74,75,76,77,78,80,81,83",a(n) = a(n-1) + a(n-10) - a(n-11),11
A039265,"0,1,2,3,4,5,6,9,10,11,12,13,14,15,16,17,18,21,22,23,24,25,26,27,28,29,30,33,34,35,36,37,38,39,40,41,42,45,46,47,48,49,50,51,52,53,54,57,58,59,60,61,62,63,64,65,66,69,70,71,72,73,74,75,76,77,78,81,82,83",a(n) = a(n-1) + a(n-10) - a(n-11),11
A062028,"0,2,4,6,8,10,12,14,16,18,11,13,15,17,19,21,23,25,27,29,22,24,26,28,30,32,34,36,38,40,33,35,37,39,41,43,45,47,49,51,44,46,48,50,52,54,56,58,60,62,55,57,59,61,63,65,67,69,71,73,66,68,70,72,74,76,78,80,82,84,77",a(n) = a(n-1) + a(n-10) - a(n-11),11
A083230,"1,1,1,1,1,1,1,1,1,1,2,1,1,1,1,1,1,1,1,1,1,2,1,1,1,1,1,1,1,1,1,1,2,1,1,1,1,1,1,1,1,1,1,2,1,1,1,1,1,1,1,1,1,1,2,1,1,1,1,1,1,1,1,1,1,2,1,1,1,1,1,1,1,1,1,1,2,1,1,1,1,1,1,1,1,1,1,2,1,1,1,1,1,1,1,1,1,1,2,1,1,1,1,1,1",a(n) =  a(n-11),11
A030556,"1,1,1,1,1,2,1,1,1,1,1,1,1,1,1,1,2,1,1,1,1,1,1,1,1,1,1,2,1,1,1,1,1,1,1,1,1,1,2,1,1,1,1,1,1,1,1,1,1,2,1,1,1,1,1,1,1,1,1,1",a(n) =  a(n-11),11
A034887,"1,1,1,1,2,2,2,3,3,3,4,4,4,4,5,5,5,6,6,6,7,7,7,7,8,8,8,9,9,9,10,10,10,10,11,11,11,12,12,12,13,13,13,13,14,14,14,15,15,15,16,16,16,16,17,17,17,18,18,18,19,19,19,19,20,20,20,21,21,21,22,22,22",a(n) = a(n-1) + a(n-10) - a(n-11),11
A039218,"1,2,3,4,5,6,7,8,10,11,13,14,15,16,17,18,19,20,22,23,25,26,27,28,29,30,31,32,34,35,37,38,39,40,41,42,43,44,46,47,49,50,51,52,53,54,55,56,58,59,61,62,63,64,65,66,67,68,70,71,73,74,75,76,77,78,79,80,82,83",a(n) = a(n-1) + a(n-10) - a(n-11),11
A068860,"1,2,3,4,5,6,7,8,9,10,21,30,41,50,61,70,81,90,101,210,301,410,501,610,701,810,901,1010,2101,3010,4101,5010,6101,7010,8101,9010,10101,21010,30101,41010,50101,61010,70101,81010,90101,101010,210101",a(n) =  a(n-2) + 10*a(n-9)-10*a(n-11),11
A039216,"1,2,3,4,5,6,8,9,10,11,13,14,15,16,17,18,20,21,22,23,25,26,27,28,29,30,32,33,34,35,37,38,39,40,41,42,44,45,46,47,49,50,51,52,53,54,56,57,58,59,61,62,63,64,65,66,68,69,70,71,73,74,75,76,77,78,80,81,82,83",a(n) = a(n-1) + a(n-10) - a(n-11),11
A044836,"11,22,33,44,55,66,77,88,99,1100,1111,1122,1133,1144,1155,1166,1177,1188,1199,2200,2211,2222,2233,2244,2255,2266,2277,2288,2299,3300,3311,3322,3333,3344,3355,3366,3377,3388,3399,4400",a(n) = a(n-1) + a(n-10) - a(n-11),11
A043369,"6,12,18,24,30,37,38,39,40,41,42,48,54,60,66,73,74,75,76,77,78,84,90,96,102,109,110,111,112,113,114,120,126,132,138,145,146,147,148,149,150,156,162,168,174,181,182,183,184,185,186,192",a(n) = a(n-1) + a(n-10) - a(n-11),11
A031483,"7,14,21,28,35,50,51,52,53,54,56,63,70,77,84,99,100,101,102,103,105,112,119,126,133,148,149,150,151,152,154,161,168,175,182,197,198,199,200,201,203,210,217,224,231,246,247,248,249,250",a(n) = a(n-1) + a(n-10) - a(n-11),11
A053831,"0,1,2,3,4,5,6,7,8,9,10,1,2,3,4,5,6,7,8,9,10,11,2,3,4,5,6,7,8,9,10,11,12,3,4,5,6,7,8,9,10,11,12,13,4,5,6,7,8,9,10,11,12,13,14,5,6,7,8,9,10,11,12,13,14,15,6,7,8,9,10,11,12,13,14,15,16,7,8,9,10,11,12,13,14,15",a(n) = a(n-1) + a(n-11) - a(n-12),12
A055649,"0,1,2,3,4,5,6,7,8,9,10,100,101,102,103,104,105,106,107,108,109,110,200,201,202,203,204,205,206,207,208,209,210,300,301,302,303,304,305,306,307,308,309,310,400,401,402,403,404,405,406,407,408,409,410,500",a(n) = a(n-1) + a(n-11) - a(n-12),12
A048332,"0,1,2,3,4,5,6,8,16,24,32,40,48,57,114,171,228,285,342,400,800,1200,1600,2000,2400,2801,5602,8403,11204,14005,16806,19608,39216,58824,78432,98040,117648,137257,274514,411771,549028,686285,823542,960800",a(n) =  8*a(n-6)-7*a(n-12),12
A037123,"0,1,3,6,10,15,21,28,36,45,46,48,51,55,60,66,73,81,90,100,102,105,109,114,120,127,135,144,154,165,168,172,177,183,190,198,207,217,228,240,244,249,255,262,270,279,289,300,312,325,330,336,343,351,360,370,381",a(n) = 2*a(n-1) - a(n-2) + a(n-10)-2*a(n-11) + a(n-12),12
A004521,"0,2,4,6,8,10,1,3,5,7,9,22,24,26,28,30,32,23,25,27,29,31,44,46,48,50,52,54,45,47,49,51,53,66,68,70,72,74,76,67,69,71,73,75,88,90,92,94,96,98,89,91,93,95,97,110,112,114",a(n) = a(n-1) + a(n-11) - a(n-12),12
A059628,"0,5,0,5,0,5,0,5,0,5,50,55,50,55,50,55,50,55,50,55,0,5,0,5,0,5,0,5,0,5,50,55,50,55,50,55,50,55,50,55,0,5,0,5,0,5,0,5,0,5,50,55,50,55,50,55,50,55,50,55,0,5,0,5,0,5,0,5,0,5,50,55,50,55,50,55,50,55,50,55,0,5,0,5",a(n) =  a(n-2) - a(n-10) + a(n-12),12
A043285,"1,1,1,1,1,1,1,1,1,1,1,2,1,1,1,1,1,1,1,1,1,1,1,2,1,1,1,1,1,1,1,1,1,1,1,2,1,1,1,1,1,1,1,1,1,1,1,2,1,1,1,1,1,1,1,1,1,1,1,2,1,1,1,1,1,1,1,1,1,1,1,2,1,1,1,1,1,1,1,1,1,1,1,2,1,1,1,1,1,1,1,1,1,1,1,2,1,1,1,1,1,1,1,1,1",a(n) =  a(n-12),12
A071423,"1,2,3,5,7,9,12,15,18,22,26,30,34,39,44,49,55,61,67,74,81,88,95,103,111,119,128,137,146,156,166,176,186,197,208,219,231,243,255,268,281,294,307,321,335,349,364,379,394,410,426,442,458,475,492,509,527,545",a(n) = 2*a(n-1) - a(n-2) + a(n-10)-2*a(n-11) + a(n-12),12
A043645,"11,13,14,15,16,17,18,19,20,21,22,23,25,26,27,28,29,30,31,32,33,34,35,37,38,39,40,41,42,43,44,45,46,47,49,50,51,52,53,54,55,56,57,58,59,61,62,63,64,65,66,67,68,69,70,71,73,74,75,76",a(n) = a(n-1) + a(n-11) - a(n-12),12
A043700,"11,13,14,15,16,17,18,19,20,21,22,23,25,26,27,28,29,30,31,32,33,34,35,37,38,39,40,41,42,43,44,45,46,47,49,50,51,52,53,54,55,56,57,58,59,61,62,63,64,65,66,67,68,69,70,71,73,74,75,76",a(n) = a(n-1) + a(n-11) - a(n-12),12
A082801,"12,24,30,42,54,6,72,84,90,102,114,12,132,144,150,162,174,18,192,204,210,222,234,24,252,264,270,282,294,30,312,324,330,342,354,36,372,384,390,402,414,42,432,444,450,462,474,48,492,504,510,522,534,54,552",a(n) =  2*a(n-6) - a(n-12),12
A044837,"12,24,36,48,60,72,84,96,108,120,1452,1464,1476,1488,1500,1512,1524,1536,1548,1560,1572,2904,2916,2928,2940,2952,2964,2976,2988,3000,3012,3024,4356,4368,4380,4392,4404,4416,4428,4440",a(n) = a(n-1) + a(n-11) - a(n-12),12
A075543,"2,5,9,14,20,27,35,44,45,47,50,54,59,65,72,80,89,99,101,104,108,113,119,126,134,143,153,164,167,171,176,182,189,197,206,216,227,239,243,248,254,261,269,278,288,299,311,324,329,335,342,350,359,369,380,392",a(n) = 2*a(n-1) - a(n-2) + a(n-10)-2*a(n-11) + a(n-12),12
A043130,"29,34,65,70,101,106,137,142,173,204,214,245,250,281,286,317,322,353,358,389,420,430,461,466,497,502,533,538,569,574,605,636,646,677,682,713,718,749,754,785,790,821,852,862,893,898",a(n) = a(n-1) + a(n-11) - a(n-12),12
A043910,"29,34,65,70,101,106,137,142,179,209,214,245,250,281,286,317,322,353,358,395,425,430,461,466,497,502,533,538,569,574,611,641,646,677,682,713,718,749,754,785,790,827,857,862,893,898",a(n) = a(n-1) + a(n-11) - a(n-12),12
